heart_rate,temperature,motion_duration,no_motion_duration,sids_risk
102.54362511614967,36.92672135251185,6.69107109694989,63.27733198903399,1
93.45589800440445,36.87458812553104,13.205070221648265,111.91759240783423,1
109.00255590755427,37.168037796180734,17.202634301559865,101.06119158815662,1
101.88550196951093,37.117689651605396,32.568976958469314,62.082030906400185,1
128.7535790816213,37.087660131065576,2.4339496199833066,39.08674591025659,0
102.77802233001724,37.34766242575571,46.161144654179715,141.23898753267105,1
103.19025550720379,36.55098207750223,0.5154912692356863,123.68047542026909,1
100.10655824335971,36.398767879296074,8.287569932812717,78.00446808819088,1
187.44931719301042,36.68609523674892,17.399539563927043,207.69659854206995,1
132.16746707663762,37.32926823358476,6.710854995088599,16.44963786201368,0
174.64071383479921,37.08451347691179,8.259675370352236,124.71823431549792,1
140.87047068238172,37.094245823243426,19.26789767756658,14.09843227679058,0
94.63628487130097,36.908243702372786,12.895244721100855,106.9738604406439,1
180.99474073398247,37.249084489560104,0.5835016952137922,287.0630589738738,1
176.75313480839287,37.785034876212315,3.1675667542870176,148.5039075573589,1
187.66716850648163,37.126462382873115,7.906685951447728,86.34711025283124,1
141.13517345251248,37.071080400373305,0.23922459931573992,5.457083328138416,0
182.33179187223166,37.2502523734584,16.369635047353423,75.59192232837667,1
179.95349839430693,36.77409039833162,1.0899489967668832,73.13767929799734,1
138.69856945632316,37.42619215002614,11.07109150569736,3.2999525250060757,0
101.8075176260305,37.23008200644263,3.9784388208687815,64.94520698436065,1
142.76690799330018,36.43699532211287,8.370551059265525,0.48978382541060633,0
144.9799829124545,36.68068110218462,26.677994605888543,2.6995571436205053,0
104.48419657932766,37.19909723563656,5.423288036950722,83.33802853977258,1
145.70890510693167,37.08440698688105,8.679110548652707,11.947281977301142,0
146.3391902231801,37.189038992965216,9.424647609545124,16.663374842959165,0
135.79354677234642,36.63113387032895,2.8596923697585104,4.165708012669001,0
176.62145960419195,36.92929033475369,11.159126098179419,237.06230876824037,1
177.85377789850668,37.302715471994794,1.874584107710882,451.58428126675943,1
184.46298669149655,36.64807425859918,2.562855695393642,127.57100739305442,1
125.51915658502676,37.11566745756313,7.359669552982862,24.77423886624125,0
127.69135683566044,36.481968491174555,0.3043198091997127,32.693986202319856,0
94.36616265545098,37.33189296715167,7.145358101105605,212.3856905801023,1
126.17200269035663,37.22903311254246,0.8860393466847853,0.15387104540800603,0
140.24510174258944,36.92922110900238,2.3383868383943187,20.110207540195454,0
140.58208718446,37.36961080768276,9.249495953184562,27.83619775654699,0
100.97368097359387,36.44758215873849,2.0546704536450706,192.82667984310376,1
94.47147665757032,36.937640728825336,11.170755334398084,87.77797015645584,1
178.66673835382792,36.385771150717154,1.746219958079338,182.01723146703566,1
149.7554512712236,36.831606207671896,20.66906341267767,5.813491448292308,0
146.24119817052156,36.83192527316166,1.9273916294070355,82.84170752902348,0
142.96120277064577,36.892050025882654,1.8603794010459394,32.19585637803497,0
148.25416348988028,37.57879115374149,2.6619730768420604,6.484279191409287,0
182.18369275866755,37.25181183368873,0.3528806854202966,75.33248872134739,1
146.29628841923613,37.0119024557983,8.636672504679805,31.486668864349483,0
133.99783122841205,36.900992545779395,19.862942632118777,42.04684802530976,0
173.7479613301514,36.6726285336232,8.531982543531234,101.2321509451643,1
102.12030522232045,36.63030674229268,0.40883578760998973,91.26942304115877,1
139.44452301103382,36.77436854770531,21.768710598120474,17.989732801526802,0
178.68554585395867,37.564183658081404,17.56211741719636,100.57238169166074,1
106.96232650032164,36.852289144301515,17.47040160103516,328.8875268719605,1
174.92452904086065,36.4531448774159,5.027835439386897,113.81175252340576,1
139.404746439382,37.048803925858145,5.293774323335772,10.612593435136882,0
106.52170121439076,36.748294642522886,4.579023123486684,133.48586793694022,1
125.75251813786544,37.22823946743726,0.6225003131901508,9.623383116586515,0
133.98293387770602,37.25543698351095,2.010371039788529,0.8571317461821808,0
101.84821096099047,36.89133795586958,1.8718339236116806,95.27861765983053,1
135.36582307187538,37.10818273031194,12.520674728720262,21.656980352570066,0
121.32734807408252,36.31593264293735,22.830820100664766,46.018398740176536,0
175.49689632676066,36.75810213418472,4.3798758439830285,79.9269386832858,1
148.9959987543325,36.984177938457336,1.374181241365831,4.557254862268262,0
150.30999522495952,37.135041064830084,20.17642991755739,6.734835557580368,0
99.50705933857869,37.27821510302631,13.534069372640701,177.08214308984006,1
178.52731490654722,37.67858254731602,5.0886551419799915,28.49224507194322,0
102.73142124001849,36.26152485510476,2.7200120069694393,93.57294352018674,1
96.13561166088195,36.4645576801107,1.7768152545606481,110.21596449169436,1
105.63025125386085,36.68649373376544,27.061283654016364,106.82004439656266,1
180.10443244147982,37.204316835411035,24.65818778071359,82.57284804237676,1
143.61395605508415,37.00736735167582,12.5816490912711,0.8826689223517215,0
100.09424811472424,37.33964084429726,6.783946773351387,80.52283552792538,1
141.7457781283184,36.50213811867543,13.33330120789834,0.718997546231084,0
131.38715798671737,36.72720630080088,7.306580419892182,4.36555100891286,0
97.18915986710849,36.85609254168437,0.006536043140703691,151.0630907743301,1
106.19473176469718,37.24274023728627,8.361063240224007,93.00937902162775,1
134.10635243055788,37.10863153487815,5.589653256517158,34.531029012603994,0
133.77300480179406,36.3356156265936,1.466916126153273,13.77563478097784,0
105.42893162469673,36.82529430510471,0.6845571810228017,154.5826790035186,1
141.96861235869125,36.76924325219074,10.507530901325568,21.37011781496099,0
106.97841905394978,37.57939969195717,3.055030557664905,150.250143329408,1
134.0842861116417,36.80850055133461,4.384992348104207,23.80791568992776,0
100.44790340627624,37.3549163349067,3.7379121768578787,197.21388078772546,1
139.27989878419666,36.184750185928856,9.754214576995755,3.906403952478917,0
144.6210347426327,36.371910112043814,1.8393991492315793,14.653810670480858,0
150.03532897892023,36.59676547563304,9.984780002255434,15.750340483844091,0
143.24166352488442,37.03291359571017,4.049681012238468,21.24324777069407,0
96.9378131267978,37.35615326540791,5.222317620615014,79.74510854400872,1
177.67797868845307,36.80511883152203,1.6984156636460161,124.79853491261352,1
96.62410862512809,37.22824519888781,22.591698060308953,97.96453766537073,1
171.1546204755544,37.02197364439994,39.40845772237502,189.96894915034858,1
147.91662693962937,36.79085598913869,31.612034272953352,10.817484540587897,0
118.76104275690193,36.80422422299271,1.9058502336665755,23.693247368592772,0
149.55142320501238,37.140822158605715,3.008527040218263,35.60138308653479,0
92.09404648983933,37.21380225939222,0.8585458191010802,236.51901883880487,1
135.14636452170896,36.85455511511446,2.1787991071251294,15.203725621244198,0
180.98657853702798,36.9799181531833,3.9776406162965157,112.51096726058542,1
156.28615545571293,36.591506873147715,7.487475558795342,46.639247243823576,0
184.12549132333817,36.365606675104814,3.5148502562693027,66.7240601142056,1
134.7023979623296,37.3321343266177,10.692573845171028,3.4887734097824756,0
128.0379337591933,36.86959058713286,8.973471219409092,26.075176038695137,0
180.2045958769786,36.919403386420996,4.675393802152782,175.40963039372969,1
96.0379003950002,36.86747664672667,3.7669993602088274,93.15706978357287,1
154.75356216949552,36.7778091523359,17.490887349353393,8.857055923731124,0
183.72095985749968,36.57643696517736,3.2191358343668046,78.68737489487678,1
152.66911149186623,37.19732716035236,17.10302214707729,3.625031552436329,0
103.73955128058768,37.46783599697111,0.5088745395069878,409.52035828447123,1
93.85225202773792,37.22584237035744,13.893777065919563,101.22736071635937,1
99.35731244280535,37.27953136808102,30.250545124385475,165.9862219962321,1
180.52177968761606,36.88135701637208,5.835881534227699,135.3508241058559,1
137.54611883997129,35.939612076642796,74.41722909704406,16.9666739242009,0
173.53363521064418,37.409483818442794,1.4555716962699086,190.43885568268382,1
98.65734676047084,37.266369700821784,6.132855799895035,220.53240023540778,1
183.0159371554117,37.50995001651149,17.936252716063066,76.34951205356127,1
177.56385717943223,36.7013686613839,2.751365446183705,128.85279430116555,1
175.65168459362653,36.74585504446975,9.48803168308293,102.77409993031029,1
149.15402117702075,36.816255640183904,34.87158041821144,20.22804309749709,0
137.30593165555442,36.4207944398335,16.818487766767156,7.054734398904734,0
137.7653721467415,36.51114887644322,17.02838106385863,4.118390253811239,0
183.40108052725225,37.101266095215195,10.258391190380262,123.97519257519363,1
99.34371516453848,37.175800492248094,3.766961760656641,91.36396530273875,1
143.57015485965047,36.56757738383669,11.790725753198146,29.887558366767433,0
190.1180310961482,37.038137679776526,11.648981180973006,75.78165644190682,1
153.68631557532348,36.39072523808649,1.2940840602400936,15.560967419345106,0
96.27548677596775,37.13602051782755,21.592373111684346,338.73626998145573,1
130.73069528421917,36.76974486950489,9.441270647095303,12.408924793377714,0
141.86454314769426,37.393076393578205,3.1831174220804606,71.5148226181623,0
94.8616242953702,37.43886108470148,10.349201372226418,110.08948108377975,1
97.94592856022707,37.494324648002774,1.9252116455201702,160.34240287340612,1
146.6967254883004,36.57196609346954,13.228103228592783,0.7057108699065301,0
181.15350452859343,37.41223223424962,2.8924231239120246,95.47077007750423,1
177.45929901176345,36.472301122160495,26.964410253979043,133.1955590091629,1
101.40080579409803,36.69660186611997,6.6578590804130116,61.310145133947245,1
177.1319911355155,37.42861726089395,27.227189759620636,125.29277088511319,1
127.5221681803515,36.71872942994965,2.7032761460844306,14.369408438680708,0
176.61217673832172,36.74009390926069,3.155932464334956,77.71605648858358,1
95.54403887292357,37.168634644245785,12.910062771928368,68.6819159819186,1
149.31280119116198,36.835249213551016,8.643517413526624,33.85062375549441,0
147.91031947043047,36.68381021782187,0.4013841640938223,43.46551358926028,0
147.58969220493267,37.44132075280661,12.662847438313909,1.2940390302126383,0
141.10922589709867,36.27804715973419,1.7381148651515006,2.5882017811420233,0
139.64173960890048,37.13077094950567,1.9806456078014456,2.825022803053705,0
125.21478009632573,36.011342199949084,2.9797875313889657,9.309622188253593,0
133.4667076742629,36.69784682705867,2.9647096009248415,2.438130126825958,0
95.91455684465905,37.49787183229471,4.187139185772695,108.0803756969674,1
146.62130674521046,36.46586225651596,10.271426880495873,12.00185792864586,0
180.0339992228,36.8946207135671,1.2827389897000618,187.7667803463874,1
189.0217405489337,37.15472340827568,0.23993304648808653,103.57969188361736,1
183.35240308620607,36.75731988209388,35.45676737763038,188.6684256701425,1
127.99703592944223,37.207063608187646,12.345909994396855,38.02470988526221,0
178.3569076212551,37.35882647875485,5.161862263788675,127.8172637203098,1
145.95157025436913,37.563738976074234,10.842337269652312,19.105726710959235,0
109.79173727110297,36.86636910760802,4.977343182437553,89.19315592961318,1
128.08696502797352,37.079233904307145,0.30858317733905194,128.10945761268286,0
174.64473160175476,36.74736890833387,2.149712147065439,138.61194728515812,1
122.41260513576886,36.9736998955708,0.6431646379952709,12.651127533205639,0
176.9978821713065,37.53659036621235,7.982156561460809,95.42984114822082,1
133.00274492007415,37.078608467880585,1.1623745419519251,7.623644402267663,0
137.97807347566106,36.642157079112195,7.320123220255348,7.618230895914206,0
104.31196736191379,36.69333736488666,6.961877190159892,253.83498516548553,1
135.2082576215471,37.11590994275856,23.096284796203747,28.13336441646111,0
184.9366725829455,36.72129127262817,29.328747524851977,68.2888916559702,1
108.07791411774116,36.61713963404198,1.6493191773662983,79.66093178796605,1
178.4813698561167,37.15584567094836,41.08476337871201,130.6717992713391,1
92.48514835802423,36.852189228466656,8.342075416502619,140.0599763868101,1
101.26869830747287,36.947410961731336,26.471157526284795,70.98716960681594,1
188.3073508286401,37.607713569456706,4.764893930273884,118.47817389100581,1
97.02169352978254,37.27282082628505,29.405144851815088,69.1471281686199,1
148.12862118838962,37.011327350452184,12.885827656735422,6.769347337781078,0
98.05740773455557,37.28862500205046,26.39885542104075,164.81238673703132,1
153.0547880715433,37.41273781578745,21.209228164897418,3.0330118076101105,0
137.8231879677278,36.92525134233546,0.7000684637744137,38.92329961026724,0
155.32738913002578,36.39370235400111,3.6459812194760217,8.552417231121122,0
151.19574911434577,37.30416586245772,3.7893062560405126,18.358394486662004,0
120.81228784700959,37.26174626254162,18.589924906761503,63.436734391195714,0
174.57087435557406,36.88604980265213,17.392644465266,104.92368284294189,1
133.53427115757472,37.60135932070686,6.189259348392796,12.791876331344174,0
144.0171172209894,37.71835106923821,5.927636022426302,27.632213889676454,0
124.80630034045987,36.62024044446722,30.242005201247327,12.260882412134048,0
147.74634053429338,37.2801239517636,2.3831409418015577,22.11408780520436,0
177.73375795488494,36.67998457424094,27.143111047419588,98.65882955273425,1
103.22607792975029,36.50493503106908,9.746869316163284,81.29878199089036,1
155.23124077269657,36.59935199604203,1.6271777375662149,18.872214502798318,0
89.32162893010653,36.76797870345198,13.434915173846713,130.46688518591532,1
141.8334200573835,37.08951518065556,16.395126583574473,38.722381020362604,0
108.06110314127713,37.092028303676564,0.5866643774561698,175.97737525337268,1
180.09808328846995,37.185273918107036,13.14853564472995,65.90513048351373,1
136.77938483794324,37.02932718687536,10.992052370655834,18.500962654148235,0
129.9747063536219,36.77170148250021,3.6115404005155014,3.817438378825912,0
135.98779528114164,36.84491937602561,7.250082520454396,19.40061230697862,0
170.6673002431969,36.70300630698465,0.5189674360981235,132.06895599104007,1
113.7983001945554,36.881964034304836,1.1032226937987564,132.35484912802178,1
173.94414035359608,37.794824444679776,16.999388921743535,78.8686423966592,1
177.43393216764207,37.26733619548723,4.383463445134082,147.85426503426476,1
101.34563470622554,36.48309492195775,14.92740140285175,115.4452134282125,1
128.57029702169376,36.926039145422806,11.032614750710689,21.397882012318878,0
146.513912513058,37.15965444574083,14.476731287868812,13.371869842074736,0
141.20295631711897,37.25819367245643,5.789468906265483,26.934098993262914,0
140.75804558193727,36.59834369329917,1.016744837023609,42.72917248176111,0
145.15047686306048,36.16722823684651,4.783513648988052,6.3477035130838955,0
98.5225984098542,37.0277377348145,77.23529522062461,181.06511202324555,1
140.91760776535503,36.40856550168807,2.8399696999437047,26.395272372943527,0
137.08306250206724,36.63827334995824,4.108231243314293,15.113312553729447,0
100.38425941479385,37.31157460140484,7.722395349174068,150.28047463853375,1
93.10190917605534,37.68775116248292,34.444091497533776,125.03821960066557,1
100.46422450570557,36.78958606293297,8.65869676098229,271.4479347804603,1
179.90369810132802,37.033530651171745,1.7056616928390107,64.20038165496187,1
93.82825564060039,37.137515152619955,6.130864938250955,146.73760880472318,1
144.12780926936497,37.04257209107676,10.533511356872365,10.549431023394577,0
175.21781811590995,37.09972343825669,2.632824637783747,221.04628499410794,1
145.38910043684658,36.887559882845615,13.37251919142745,6.589068558228242,0
177.27942998942905,37.260608796535806,16.856226803821805,64.91489936229972,1
153.56240028570824,36.83676985079138,2.3656089895002457,21.351683813684183,0
153.07142754282427,37.66760861011576,12.196983475408395,34.86503377622462,0
183.02257663177684,37.61294708987125,4.990537003688611,118.65283947261194,1
174.98906272109264,36.997391473908216,2.9482267097022934,119.28644726272735,1
98.04175716289105,37.552581631476194,7.438840774735606,224.99695103187588,1
131.02745628514168,36.63253922140632,7.674994260264465,3.629355914132695,0
91.1348376589656,36.6335232338075,9.453684487618945,211.74791133250727,1
144.04981710960956,36.43733556126071,6.607683713268071,25.661352237477214,0
173.18412997703595,36.94620128623931,4.993976847166674,100.77711005219012,1
101.75724103770791,36.4973972422883,0.06901724421494768,102.52033375061293,1
141.17327383308782,36.87633115061254,3.906329929475808,15.229756749107624,0
100.29966315133164,37.070084567563406,7.9119159553940435,143.70406906448736,1
182.0214737748085,36.678273696136,4.9743330741297385,111.03962977975742,1
122.36959844637266,36.758405925313674,5.542435794074139,5.506974485483729,0
179.09804159118795,36.86822088546116,9.748562025540377,111.5622573965977,1
146.47688538100692,36.440572970472346,10.117841147041304,1.4784585373802417,0
103.54107211628279,36.882413220934325,6.600622980074906,154.30452022560155,1
143.10907565598004,36.750743789430096,1.366373352289071,12.29652636848165,0
172.00937824058127,36.5933267485694,14.158590338737294,225.91324091561563,1
98.8757200909596,37.18310914646075,18.33257182239636,132.15983444845475,1
135.28961694381678,37.06658088328522,7.764355987991227,34.19218429222009,0
171.370966356047,37.34980682965301,11.125210442012357,85.04519977018622,1
130.44459559399576,37.170183024713985,5.755474933648939,14.115169777113545,0
104.05404136579891,36.45893188566259,1.5431867038022862,115.49635249574709,1
129.42289071044098,36.51559352009502,6.8954510872343375,6.929458572752944,0
158.52278184508938,36.33539197509241,15.592130975943475,69.14823059507108,0
142.16458589581976,36.60865088895399,3.671437871612786,79.58152357683365,0
184.6082505596223,36.91821151160555,1.7598252106831833,103.45405973027053,1
142.14093744130204,36.56757466896004,4.919353427114065,11.484210082822626,0
133.2283828848789,36.692880973958346,5.985116578458807,11.154490627004506,0
155.23029856408024,37.22518769467623,12.257949395115995,0.2436476001959194,0
126.22330632042909,36.377348330590436,7.320580548015936,6.068254627127664,0
109.50595342876504,37.42077904708917,16.286456581731287,277.9746679548201,1
173.8964378704292,36.74972908500151,3.6138012575063683,64.48884574305188,1
152.77664895788425,37.088853508653486,2.570318300956333,3.4384322317863676,0
139.25554084233832,37.59841772459567,6.436541696352927,4.524981373037443,0
128.16741487334224,36.77792018932272,7.121712524346369,7.169681896743889,0
137.00992649534132,37.30834607755479,6.778209425535491,36.739701409556076,0
131.91506397106812,37.0727465020234,1.7855729761763137,23.35187262193625,0
138.48214904964416,37.333568861819565,9.02576047539322,12.469861955421258,0
154.77894044741515,37.25311274644251,4.450899591778079,7.06357700003241,0
174.2560298242067,36.90340102165169,1.6997841263755953,255.3859123896048,1
178.41963571986474,36.555213189690335,0.8849066172868149,300.51567031248817,1
179.04980482499252,37.271657110175276,27.89202505589033,150.54353475290793,1
138.85460154747383,37.48260358660334,4.5812948245673155,2.352923957685293,0
160.9238727568546,36.85486457582414,13.117455241928113,42.812108806845465,0
92.07932028497255,38.24396742240214,9.781621077519032,61.306644680267254,1
183.5987897107409,37.80490817828031,36.76579254625421,202.99515631221146,1
178.43470984738423,36.85943430571451,0.5194874311459001,103.00349385606911,1
137.6586304305082,36.805149846494125,27.521940544489087,26.750720860313216,0
89.98068817796623,36.11227985090098,5.688854841195724,65.07321560885913,1
137.79030400466777,37.57604688617979,18.60190887399809,18.422218156342204,0
142.61055272179888,36.60849451368708,7.3349834542958146,4.564017225231275,0
156.32411303931636,36.98600460380121,15.165192957924488,32.839595767362646,0
137.1134136107986,37.18856622255456,4.46500262019517,34.971495465697956,0
173.6991761741371,36.736866178459145,18.59261258341981,424.5510473782894,1
177.24731575254208,37.438587693524354,6.145652746364185,98.36577716247612,1
131.60278157819224,38.01077297034945,0.8438132920074947,6.549982787574946,0
96.89576200874441,37.1362356865602,1.7516274400455951,67.98255728839369,1
134.0060735455598,36.787652490831874,5.158049647422996,20.5937753550047,0
139.92027358683382,37.08335312317902,10.124428920042712,71.17997798463182,0
151.4282281451502,37.19240369269468,7.575140428339439,11.90628121020739,0
172.88021423774927,37.18770703592341,5.398999119392918,94.45498486172636,1
127.39116045664954,36.63070670155564,16.39858717435359,1.4013338543903262,0
104.47519157038057,37.355062170349534,6.1541617150599155,445.89343604251445,1
145.42560043585965,36.66761995343558,20.47703552454761,29.802323994633007,0
131.16142563798866,37.130453208896846,2.578250975330488,18.84372025833694,0
99.9277386456086,37.4140997338895,2.3261442908307974,125.05874662281502,1
143.57112571511746,36.83388483443968,7.232298691011181,14.20019300136812,0
184.63107701120796,36.90615177201703,6.488440167417791,118.10046980465344,1
103.8983026613467,37.20071309446702,20.72043163737358,244.41837591234355,1
168.5190952343138,37.48942755296745,4.8550081427170975,142.61620701790378,1
148.52433334796223,37.40574802600725,1.2997895952140053,8.600475535058212,0
137.91877749642725,37.17184728765304,11.879175624204636,2.2292194903320883,0
151.355656401806,36.96131475525184,7.627171043528689,29.985727965169193,0
98.46019235180479,36.7551053061969,11.74594642150482,116.40651358272564,1
131.72769056447677,37.2531727271022,27.63951300892074,5.485424366162706,0
129.40786478111048,37.09733577972908,6.565147210381607,14.739711440176356,0
129.22255222070694,37.139032682144666,1.0694046139193687,1.073456765916481,0
180.07136533918217,36.86594488753142,1.0021922286375342,62.041762292191414,1
170.14948091144083,37.22515234406974,2.54013357069355,124.5002135589742,1
172.7807259193323,36.97875173879298,17.351349921511567,106.36485937990457,1
96.23921797204709,36.8993844455822,4.390008191711649,186.31972072495012,1
138.8767195030917,36.96410572228511,6.058276310869285,29.73375849333452,0
138.91239851543142,37.61900208053203,5.058074311065991,11.969506958404244,0
134.69498852389472,36.98393681974226,1.6257618371792446,18.683472575305778,0
176.7622909718242,36.797701318295225,7.856982277819277,441.72420389076103,1
150.5842448684959,37.62620961169374,11.781794699281834,0.2496321695005604,0
147.6743472915291,36.65440369212807,7.79350888095622,7.034759624601977,0
132.85648581973632,37.023687373605796,9.619348555509415,4.98492443961226,0
107.05466189873135,36.84516011901024,6.721541589399757,85.82856932632521,1
143.84065448939307,36.48787824053164,5.974455297927822,44.568577808861114,0
123.93553679742428,36.613209542748315,2.9392904024897772,20.108124494348033,0
137.51035851520928,37.05318786965875,41.15298077656953,41.23263594828833,0
181.32681174699815,36.64186147105479,2.915001764766147,343.0720968129413,1
183.65382059533263,36.78761164087521,26.64968013182787,168.46785245268646,1
149.7511973341775,36.98612604504529,14.112566585424567,3.540314889653688,0
103.96744360276107,36.39105632551284,4.692810797548315,65.7535507559249,1
178.20829923989388,37.78166297350011,36.42011645329983,250.04856599222222,1
104.59577086805001,36.45361771551978,3.2662120610514127,75.35554644849117,1
104.8242581654873,36.614496429515754,13.873579823197975,85.3913451459465,1
89.24092299335348,37.335576200187845,8.539912195648272,70.7698913533315,1
105.63352568413792,36.31705681696282,18.65110153248133,101.7496499818997,1
103.54151923600531,37.57745280138752,0.5721132054820683,108.4378190771098,1
134.86133082663306,36.9817655934578,5.381180264409754,38.71667487671538,0
145.04046515517845,37.5775058416293,1.4746771733388928,2.4418385460563456,0
132.84696290740033,36.78409612787625,6.652825488994116,10.852977045945922,0
148.5765962320202,36.74504514907739,15.233890670186652,13.632771081697285,0
104.14737420965874,36.94981829599884,6.788884896425268,146.23192912614206,1
149.540017634932,36.78203236527642,9.362513582748198,1.3520087752385033,0
120.12431085399108,37.45750161728277,20.46006001744849,15.628082899075899,0
145.21941565616896,36.90762618791653,20.260316221935163,31.081479929471953,0
147.4729360512326,37.038448310776396,0.8955087106390793,31.981254389021323,0
90.99471132923631,37.4070645867374,8.01088717336469,134.74319620313318,1
179.48389123533752,37.10215350226973,9.518409858574385,226.44088499059797,1
99.1993360221668,37.03412725702601,1.5890420412443287,110.4410195561127,1
142.44966571108722,36.55091119137508,48.90654962048055,4.150619883105383,0
125.77746290402325,36.536654124322986,23.203620930403723,8.98373521418981,0
95.5906267438614,36.888095932601665,5.296644467711059,70.26734733312915,1
144.73592430635182,36.82924757202103,20.243345669765105,1.3410435702136372,0
102.1596127233697,36.23213073752094,8.624919714380527,92.1998274321256,1
150.9877685198719,36.82410757669033,16.11222042159252,47.31971292062333,0
103.29622834216202,36.459570253516794,5.620445696539887,95.04673667495194,1
97.2866310013299,37.10859812433026,5.765712967708981,99.37684354089431,1
144.96714153011231,37.370471019012655,1.8330113513507695,25.19840759965853,0
146.81952971294965,37.106820106347705,7.613356325747317,4.072330005351434,0
105.94456685737322,36.80275087104009,14.148918581217476,172.93021790229844,1
101.43562082600913,36.857188319677356,19.646473223044424,169.97401554850805,1
186.40821897501885,37.068735735917414,8.510701011270651,98.51940275416231,1
98.94434880586152,36.77667929842159,15.008045438400286,149.629107407587,1
143.11250154543535,36.03044826934842,31.085580630223,21.123948618385768,0
135.49934528520757,37.07643962720796,33.76177831884106,75.27234320704677,0
139.22898290585897,36.86292496236786,20.46033461015753,8.144672081772699,0
161.90455625809977,36.795513729427526,7.077225037713451,0.0644690670446925,0
151.79440120721287,37.55286359641501,1.921763084545793,6.029856265945403,0
160.60747924881986,37.42945269994391,0.5951708142442368,35.36804743209815,0
99.8338500467777,37.00282526345127,1.3467722353981306,211.47489226968705,1
182.9427663488536,37.24498751760544,5.415336391128354,82.02555931026292,1
140.9707754934804,37.02862649488776,14.84891690707165,0.18750864328912314,0
186.60652016136507,37.00147826873914,23.459445897471603,112.90127296105524,1
131.42842443583717,36.54837929151311,14.366833688205121,11.230340328371808,0
130.18491348952048,37.24872398488688,8.833601040666048,28.273434956330323,0
178.21277288594786,36.87918180020405,1.9989500411636574,123.33649273350252,1
133.54880245394875,36.859394606383475,1.4106562970266043,55.41598776014865,0
135.06999065341168,37.08307507486524,5.180496008103994,21.387678862619246,0
140.68562974806028,37.61182012778425,30.326407986788155,13.115983237872229,0
131.7100498907793,37.3753135223904,3.2042659245002616,17.235736818792898,0
146.45375949585147,37.47801865156994,1.5344186123358494,24.326710000883732,0
151.58110873500067,37.63182885829229,8.26214260143961,68.30183846100175,0
142.59882794248423,36.901702774365624,35.0363039022921,1.2067005215011521,0
149.71570950954356,36.71995167402433,2.7335861695714705,2.388746849621884,0
105.16273102170828,36.78567941477908,8.137000983889578,259.37196926276397,1
155.4993440501754,36.338057331253694,7.24836068697771,16.48720641205761,0
139.37320902726827,36.90350557685747,0.19378839466446302,1.3151246430506303,0
149.6337612924432,36.71486168692913,5.0065156489585885,2.5188892897206805,0
133.99361310081196,37.10388900068859,37.24102809434093,20.651112671274177,0
180.9679495568377,37.36970805581513,0.5420833674506548,182.40193129508398,1
127.54261221288012,37.246374242777705,5.954645855639285,26.150272026300758,0
149.5042383818605,37.236261932276925,1.4216820876655945,21.1779949218444,0
173.8044646217305,36.586990438588984,9.937676730375314,68.25194229347036,1
132.46263835642512,37.43660274076898,0.49412998894300686,17.72344565063478,0
103.77145664906787,36.72410889037433,17.005002871341645,100.32617250468232,1
142.2745993460413,36.86568612028395,3.6806808801378086,6.289303722524986,0
143.41151974816643,36.851423653601685,15.250300569342926,0.5309191042933923,0
155.79212815507393,36.76304243030445,0.5337048567900803,8.715952714673984,0
95.13226900147765,36.629447548007384,3.9570495255169256,166.0507711723893,1
170.7888080845524,36.36643887060571,15.460096304556977,60.12820262463886,0
155.64643655814007,36.91235978847646,2.7120959168716197,25.89107708120774,0
182.12943603096517,37.43270669106913,10.838774297986395,75.96313722323488,1
184.08944829012515,36.803239020997516,0.7090589933631709,139.85621990911045,1
133.3821353523161,37.66618977778503,5.336663339591022,18.756788560754668,0
147.8182287177731,36.89091057210093,0.9860639372178697,8.136470167205097,0
179.302768621595,37.11225456179606,18.38277093112653,67.20554322074433,1
161.43944089325325,37.411662254930256,3.7296069575345254,4.415368302685593,0
163.1465856667351,37.12312070755682,10.426329264077516,8.534081111890732,0
179.99645702711678,37.62536534353284,0.40188688530854166,123.63006003601254,1
98.45395461475069,37.31335620371304,2.963368317562342,362.7605373686003,1
129.37696286273896,36.936796840568405,10.19209613568501,20.562639929492896,0
183.39686641478252,36.897528099001846,5.058250843418694,170.8587394534654,1
184.25448981083986,36.594441619082986,11.776920419577039,85.95534739843048,1
147.14000494092093,37.28519937206895,1.2807096265357145,32.454851544975874,0
141.7136828118997,36.548117258136955,11.401477952753687,8.257877846310166,0
96.86641387705018,37.79700614126725,5.9188118508608865,95.53085123890011,1
142.57550390722764,36.28851190043829,10.90062525147099,27.38746922706088,0
106.55154373059804,37.446959526360985,2.8724077349213206,185.69094622294466,1
131.60782476777362,36.804957510371004,5.773490810346596,39.518934783993906,0
146.22849932347498,37.01857461926246,5.665107910082499,2.3468759925351703,0
119.32557899960123,37.260080471183464,4.584851833829353,1.6452352064820484,0
180.7617743601686,36.87660688461767,13.427241864990604,250.89346423387633,1
175.0941723443016,36.58318223510276,49.03818230567541,89.27057023317899,1
134.55617275474816,36.69469633738299,2.8382715753991636,4.605560379118071,0
147.57507710047304,37.720376173164325,6.699017356298462,11.71745047843888,0
102.20970324784705,37.26749666223701,4.643671642007787,128.52092644897454,1
96.4042334037879,36.75309872538123,11.00250641618203,369.6380734944285,1
99.46348927997886,37.669380836119416,0.30937348898737216,83.49400829333416,1
95.14171632729357,36.75765567169644,1.6307469685607883,156.78271218843037,1
184.41166531161704,37.19994564949615,0.290709216796071,513.0030002884357,1
144.12931454275625,37.393728959390636,26.19734692704209,25.41319689494188,0
136.14917719583684,36.93772910584317,4.63685650547297,4.399733037877295,0
103.35670038225233,36.67669371134363,4.195312944675591,137.2783975741004,1
96.45796616544769,36.84641149121906,8.691664415363629,198.6520250728125,1
187.42058014267982,37.05795513323876,26.09977449209915,154.2255714180658,1
179.32860418906847,37.260454496729466,17.347303478796615,63.289556332058645,1
137.4743184860684,37.45970933051427,4.3606047842351465,1.285930600542531,0
185.62717392207384,36.52413333636385,27.884280359045825,313.5037953145559,1
99.8673937037547,36.88841482786728,10.892272479973313,83.10839144998039,1
99.0254585982366,37.273331597124425,5.848276927599994,153.51687799207937,1
167.18833170602346,37.1829121618461,10.734119736562512,74.26955892795576,1
90.98430161872028,37.798266995913586,1.555769468113575,180.95466643069625,1
130.60120213672644,36.7232367720475,0.11092560021533862,107.79776217720168,0
130.91975924478788,37.03973292217169,6.020609719350464,1.7148981491387219,0
99.2774066464224,37.38727386421314,23.988236081577732,65.12356195024788,1
142.03463635867223,36.980915457543205,18.380437261905783,1.4714715699226009,0
105.0029115902149,37.48477759415456,2.4680862366950556,88.07043027111543,1
147.17542255795962,36.120477617351966,9.550820766198736,7.131187912493482,0
140.12592400781796,37.13378271599481,6.870925129207896,36.83339690068617,0
134.81729781726352,37.90827714312176,8.988213426850786,16.64919614936311,0
138.14341023336183,37.83016031945817,5.476987013540247,12.343714157042285,0
110.37041334874986,36.38755699897771,9.373088225665997,225.47603169002784,1
151.6316375215496,37.252963095622206,9.777920690653742,3.5994388683480327,0
120.47912200477498,37.43231229022185,4.957826650652052,1.3485517563822103,0
145.19346514241172,37.08116920834052,8.069930187631815,3.062370681216703,0
139.8098379209731,37.56820169919594,0.3683036805155312,8.165622809286674,0
138.92969640045442,37.13709013855108,0.1219483024877762,22.12484221376102,0
140.6980208499002,36.97022662835998,2.4429032668853936,42.335701021596684,0
142.41962271566035,36.904420781253435,4.146827491464336,3.825857629100438,0
129.29107501938887,36.79019189348809,15.985654764477754,41.22892866231186,0
140.9767609854883,37.26341770906913,48.48263265360235,12.746196880878522,0
173.7121107054269,36.5069906740926,4.243514858571407,61.943828918468405,1
98.33090255121995,37.07072834885576,5.072747738643459,60.00245754537726,1
123.87284128810349,37.297305637609085,26.177691662237187,21.80036761665379,0
101.44346814639928,36.289505906840674,26.189929190405373,236.86198854480946,1
184.4344369504865,37.07800999361125,4.47967774073656,166.12387470397792,1
100.48991576735447,36.357369159704525,0.19341328972891514,156.4810564675917,1
101.1660806563175,36.97136029925677,18.215823086098652,81.2561999698923,1
94.54516784892401,36.55339022402054,15.892745028918899,72.3716670040555,1
97.63954711151436,36.46941114867557,5.960908315243777,68.13115883067304,1
140.13001891877906,36.55576966181367,21.079691009583396,6.378524128600701,0
106.30960750356996,36.66727111670782,11.347576366812573,77.47693394460354,1
101.1161945706458,37.18880090836771,33.0662348501243,64.69740300695699,1
98.92539484855632,36.78068508140376,2.491080599484578,119.63448689520683,1
182.78845530362562,37.221300487993915,3.9335552043998683,124.7262791285591,1
158.31458765854353,37.46771823617827,14.473607343318378,21.871593678433463,0
131.79317681648288,36.782630091546494,10.755369936680887,30.803052694861854,0
157.65454240281096,36.75539287880322,32.94862971807926,39.342223283101745,0
90.10350094812107,37.41892708264858,2.7112464860387324,75.57390996063123,1
179.6202448817874,37.23281062683389,5.111794794483153,311.2059735731186,1
106.87219046585409,37.594898462134374,21.61564097437392,112.0823104969414,1
132.32652437111952,37.71782314540712,21.03523768243236,1.4436981013908865,0
124.65885829264377,37.0997534734843,9.665002845057638,6.912389358365987,0
113.80254895910255,37.331762232473395,35.54177038861511,34.051395613916924,0
164.63242112485287,36.54980438108065,20.270106265290025,3.2242321667023783,0
99.86797121520536,37.01311879816463,0.9846934359420757,132.0061084008051,1
173.34843187130505,36.539594366552194,5.018201538710777,71.4341110780187,1
131.01585328651643,37.328192872478944,25.608014486161327,40.99058532192799,0
138.38714288333992,37.16537396128948,1.8277194768584681,16.158886703923528,0
138.07639035218878,37.97830079184673,2.3047185037057356,7.294263726977145,0
141.15674634292859,37.07464364926254,6.158166220913863,65.83449944872794,0
100.73396505992774,37.71808454236493,17.281156611444818,78.89005205178327,1
129.64757677580627,37.182701287661516,2.7601896185029933,35.355406390448096,0
145.14438834058748,37.86530188932218,1.1167450059839192,50.03940062327756,0
132.97946906122647,37.19159193029856,35.006104544243996,25.926273712225715,0
177.81640131979702,37.250203206732415,3.659071768722322,71.41820834800335,1
145.13267433113356,36.65756646963645,3.933242043889271,12.38149037332752,0
131.74502803207488,37.620200197125634,10.933612728760885,16.408508834277512,0
174.56377030568598,36.80353850114316,11.180768936885803,192.92635266688336,1
181.7780667439283,37.00956121731398,5.440849382835793,72.06465692894396,1
178.76487149627002,37.049419078382236,5.069737425165611,229.35585418763986,1
100.03211134905469,36.62819565592304,23.907012823846582,71.5628821900186,1
95.97064966751906,37.104112202633154,9.87059111922587,60.08901704254263,1
107.99323585252358,36.5984170511674,5.620929783514891,101.136803140664,1
136.0789184686784,37.41501597770316,2.692535434977202,2.0889541942218552,0
135.34270246429742,36.97990475622034,16.181158725967258,4.096143102199993,0
122.86865470909123,36.93315276787326,5.085998156695678,22.217684348401377,0
95.06410236424408,36.559938306811326,19.819735001578348,210.12644271003006,1
136.98896304410712,37.57662744826316,0.3113211652361948,5.087927757418878,0
138.8435171761176,37.21192167116611,0.7493737183429329,52.64503012848412,0
146.2834550926428,36.887286156455794,11.711987584682579,22.04758743269378,0
158.9679298265395,37.60159719543307,10.724923184658566,9.684743405698264,0
138.0966132191639,37.2563371445068,11.401463466715082,14.537083786488411,0
182.49110874248393,37.23889128730136,0.0639947644582873,148.79837235566904,1
97.03767870423553,36.98053905937182,4.326606584843427,140.3467421672282,1
177.37955801032703,36.91319317983025,9.03491442126209,126.74931784596828,1
125.84629257949585,37.30279544665814,5.636771906855924,19.141496743295313,0
130.35076539419896,36.77643126109137,3.613647059411098,2.0303464305301904,0
137.35343166762044,37.37427135725898,3.9605922479100646,7.097119801597861,0
126.95530499495146,37.73865479841906,17.575777510905333,31.65380471725468,0
155.51151975522524,37.24315860388661,15.175954932239302,0.36341292828328925,0
178.1240180983803,36.56322643984188,7.217430582178053,298.04405124638083,1
178.8299007044651,37.22091997507181,11.11980720548938,92.6821760687028,1
99.01330789846337,36.694685558328565,4.154728142540341,63.39744787571474,1
154.53534077157317,37.70090817736945,5.177500786487027,14.599491874370411,0
135.30824347895296,37.259483955035854,6.982925482163945,47.54510184390181,0
180.09573888707877,36.47511232262744,9.224331629545526,188.41892846553338,1
177.74905367574294,37.70344819367806,2.500506939887871,194.7272183023043,1
175.50607975838437,37.09652877396671,4.070681607939376,113.58221890081299,1
102.96778361140431,37.42919121910641,4.206600215727315,89.42706531505621,1
134.7424497831924,37.41766435082763,11.87283150977474,14.37564962577099,0
189.88220292257742,37.017405867457384,13.962167762121442,127.03366657239548,1
177.4551818714625,37.367381777576966,6.235869732832385,128.8271705135107,1
132.9233053438122,37.07393444947795,21.55946530154033,58.26393854798992,0
100.84327335983363,36.99776159246838,22.029145338737806,151.79037605121582,1
138.5294261849786,37.09368589301461,4.2705376148545415,0.2537533824587125,0
134.37712470759027,37.302156490330304,22.52050318785216,28.910075984474318,0
129.93982618500297,36.82179899143969,6.258729279824089,32.55239768907216,0
175.887900338089,37.97068659453821,0.3298140208855304,100.37590455429694,1
146.86260190374514,36.46072583115772,2.7902934427777346,0.44130098710003063,0
167.2016916658962,37.50862203799766,11.01396317172307,56.49592072317046,0
179.59238663449176,36.92141336662876,2.613566524312562,61.82583887440006,1
140.67528204687923,36.73495049642166,0.8515489988895617,19.59865010976076,0
139.8148686400761,36.667057770758305,3.0532013917912746,24.896869634705673,0
95.47133849568691,36.973128683980256,3.820655754648315,70.73279371359315,1
175.85751487609878,36.43777319232854,17.893406902791593,66.42633918388951,1
131.77779604433567,36.98021451613903,5.096861329145348,1.65473600361099,0
119.60767822239899,37.752462827776235,57.12879886799935,18.24385700831144,0
100.54279852888261,37.019909474872385,14.373643485470058,134.51173379457327,1
179.04486118699916,37.58232892885871,0.7268697877993113,76.31229159112897,1
150.53802052034902,36.436615481454574,19.902127218947548,6.630925871897281,0
96.0610812404588,37.22059051009581,18.274720079048134,81.98644053307157,1
136.72337853402232,37.133464842114776,6.047509221647378,96.09670881772277,0
100.799281959987,36.1386628320515,6.7260847531453205,92.27395590193842,1
143.61636025047633,36.25168323158966,13.209300151268554,83.5585319003389,0
94.03037496800472,37.32455862179663,9.548474309407133,312.90828558189787,1
161.33033374656267,37.22391617917241,2.6389666294128884,0.5508655727376305,0
182.19237869404864,37.1186302180563,6.9801357661380825,65.12395883909257,1
155.02357052096028,37.176005780021335,3.656488330869853,27.188624456540524,0
142.32253697161005,36.55738963650333,11.49636234984622,11.383908344384663,0
148.21902504375223,36.115545876396844,1.996430547551579,4.803540167001057,0
98.67742579344694,37.034357202517334,9.06543281100516,143.58300696794743,1
143.66598246096848,36.389789931630105,14.666583261701918,17.48411878439134,0
131.53206281931594,37.284383987281394,3.9242919094318784,2.865401137958053,0
125.6413784882056,36.775013289642295,1.0041201729112579,5.984861814967405,0
119.74857413342393,37.10241189372555,12.593117246481015,12.469903363446438,0
129.18451996385605,37.35094491623027,10.139076313345575,0.9344696800468242,0
128.31321962380468,37.290306649559476,0.5878110672996271,9.187115365375602,0
185.03756844918462,36.805877665852854,5.553371209164526,128.56507107833977,1
105.38003569299299,37.26018003701446,3.6013737592778923,212.0766020482131,1
179.18603546963854,36.54492573183008,9.463145189701983,134.17990821254736,1
98.95389063127736,36.469580925567186,20.45380533288722,293.3901379447311,1
130.09463674869312,36.60415807189657,0.42461733001051694,19.330078377851706,0
139.65288230294757,37.04375791784196,3.143678057281079,112.17492461418112,0
153.66874267444524,36.738950408279045,5.016615401585782,14.363711938048278,0
102.03526143562267,37.27716744921265,9.043938663703713,76.85137524352908,1
136.90787624148786,36.826976724872154,12.919215674888704,37.48296255962151,0
171.78405594422915,37.36091086951466,18.621770564349337,70.86048419958698,1
176.79256545477844,37.24882799612242,1.7795404485243713,92.5404008747916,1
132.26990216144534,37.80408181550654,19.066651133282804,77.36484833189782,0
135.59955513303015,36.74921317688489,17.29428925519035,1.0670994701689867,0
135.39361229040213,37.230828850872214,20.270199251908405,11.57513081846666,0
137.86552848288153,36.787601217999274,14.076014351557388,34.47867811917925,0
143.85317379728838,36.87618142427441,4.672104005506762,3.4610886152079896,0
182.31030446625948,36.8592314728734,44.585616450187786,130.93692904029098,1
192.0630771080646,37.28180261592989,5.029555333827071,78.08120853869329,1
106.80329297919326,37.146992666189725,4.215299899195753,73.13643412513454,1
129.7561235866571,36.96157604011014,23.02816353712856,15.768149486075849,0
139.1087996048721,36.96032965448825,5.34656934620134,5.475850800686378,0
101.42777037428829,37.29707296734389,12.589570184243081,130.47150944751064,1
139.7909840603585,36.82620150902707,2.1302903185996405,49.32328425225931,0
142.4368721149191,37.26992779686664,1.653653453224028,26.29782587521185,0
172.7441215497422,36.81367777235273,14.277871213455,87.19492534663075,1
142.96984673233186,37.278482545925364,1.949810990586438,14.565916664303762,0
145.8685709380027,37.63727465065576,3.80025611056787,23.789445375116888,0
180.44328795480718,36.88012934079728,16.38426684365119,149.24050026783885,1
143.24083969394795,37.03463591498916,4.245485326894826,2.590818760099047,0
138.40061470036574,37.47560661244302,12.33555069093609,35.23421990534848,0
177.7395483358346,36.44027753007922,8.752744977697656,71.62216266716604,1
123.92516765438772,36.896163459454556,2.2546305443661034,13.79329232519219,0
137.24948302848355,37.05124176596431,13.369598780247909,17.914922613190257,0
152.3781631197346,36.67322573160511,0.7060736270411021,11.849954467678742,0
111.15650073096316,37.615172767365024,6.957017298959527,67.11142712727441,1
140.96995964992718,36.79308461995985,51.39496674707304,11.607923897797438,0
125.87696298664709,37.300554849348714,10.316390017200888,68.75310005674686,0
179.6211785673227,36.101244266406155,10.683050389153042,94.84544174090323,1
183.07885574885572,37.585670895500975,6.286582623108428,61.785059833939414,1
185.19555893710134,37.339372352882116,1.7580540745327076,130.93864435699507,1
138.57620514978706,37.29850142641089,7.055069747772997,0.8586651661376282,0
96.7499870958827,37.66979697333902,45.517366252857265,133.93577649090864,1
92.1456192396575,36.48016750522896,4.161392083323083,122.17439085441995,1
126.71813951101569,37.402517123685776,36.806399778900946,33.40179067687754,0
148.27183249036023,36.68887332496365,13.411267858526585,35.63979224278279,0
136.6549876415905,36.70970247473861,1.1303088352047044,16.47526970233589,0
183.70412172710064,37.239517755824764,1.11908930035361,80.57457023015311,1
96.7311683067559,36.7136960043557,18.84593667908195,324.7915027987982,1
176.5264343445547,36.71616805810033,2.416842317161991,122.17082103237536,1
178.88398872682598,36.564146785063045,13.148911958206362,293.4585840587431,1
142.93072473298682,38.02934392129995,6.875126126115396,1.8554774320512346,0
145.88317206484575,37.18367203169137,6.867017149919159,47.98637099307362,0
97.63080326464542,37.35607936444991,3.44550053403859,147.5033513990521,1
96.64689895461677,37.10450021249354,2.0191764797961738,147.20974873189698,1
97.54181907183977,36.54764462586964,22.86578549795433,99.7725508528545,1
143.14247332595275,36.60897790208058,16.998976096655188,0.42334836903230255,0
134.33702270397228,36.94968523196014,1.6057165133641893,8.78539223459499,0
131.8177931676653,37.9195592494477,8.159555109679813,1.743080506673147,0
135.15765927133748,38.05295282593496,9.203284227538246,13.2599763682987,0
98.28403862251295,37.27588312209808,2.67128877244031,164.82053362592887,1
179.36225439811233,37.702190279326196,8.486224532681884,133.16323855771924,1
135.53485047932978,36.85561353367237,5.0446703518866745,26.034602029028783,0
143.01547342333612,37.05168847279009,1.1869302139028457,41.85471224353278,0
105.86562318793321,36.781327966165094,17.576656392285077,159.62166126820946,1
97.81807054736716,36.40138829796397,6.312415992576712,67.93427514471205,1
146.25667347765005,37.28866882561729,16.494578429710735,6.003104364011886,0
134.3981895980303,36.79358210871305,0.8275068734779747,20.134290356665517,0
185.60515333662235,37.173183930144276,10.750451054100306,88.11518533859518,1
99.18466518028119,37.31614875842068,5.148441192801495,130.2701145942096,1
104.6878506881328,36.47101681730257,17.775558462914233,100.9599939502337,1
85.2980568266786,37.945548997847744,17.992179562535263,136.0784219262239,1
185.96253756238988,37.32813760504498,3.008728737222328,101.85419746970135,1
92.43142803693587,37.100080082500675,7.04225843728193,124.98882373693525,1
181.7383824176917,36.91765622764786,5.298453101530028,218.24609326474166,1
132.8015579160529,36.68124189781181,6.210553018734389,11.315384534374619,0
176.69008911101696,37.572546712732475,0.16731677737616527,366.1435085171521,1
144.73832920911786,36.990349965156,8.453890920690059,26.610618138194017,0
187.74510075747594,37.37652423230699,10.089937945340157,63.99363147663354,1
131.84189715034563,36.17064390703674,5.224056824545973,8.995721890978608,0
129.87168879665577,37.20036687504975,7.931716828789295,6.158958991071806,0
96.01987071598255,37.56063943717857,6.626916835373415,126.45158933388754,1
143.43618289568462,37.14845834934852,13.575379047493218,57.32070767560391,0
177.89619103159473,36.69668717244497,5.25018503553894,61.93901104074003,1
187.09801502256818,37.40458521416334,4.695588809727146,103.35634853361387,1
99.6966959309269,36.60077574907424,1.4751266313471898,153.4595401102592,1
177.96481843536608,37.62166416828591,4.116657106188566,181.20758274611634,1
138.72082408519233,37.314320063460336,11.651839346810204,27.21985652713184,0
127.62184501173151,37.24423429811353,7.911954133835657,29.569287443655572,0
90.53192666523107,36.565939789376884,3.1695048581039282,74.13162441546754,1
185.70074519260632,36.62066079831032,38.32970960153524,142.1374621284864,1
150.88950596967365,36.92640666545893,27.24728923000118,16.42725720561704,0
128.49006422577696,36.34898302484673,20.540355570023983,19.090912569589612,0
180.52947226557617,37.16594620014477,0.8722039666546805,84.21417460913904,1
126.19898541785109,37.28334257891974,5.552711613166958,38.246550632281526,0
175.23030290301676,37.13693513379585,5.979436235782229,95.05954456635925,1
146.90143991711113,36.75488452380625,9.17777670220792,21.06212651071003,0
146.79597748934677,36.688678109839074,2.967585630781719,6.026366931013775,0
120.40329876120225,36.84617778230807,56.08631232047705,27.57233256410029,0
187.55577465123673,37.629207890085944,16.36975255097398,117.67565717810484,1
161.53182457511556,36.98674921085048,4.790416186670972,23.18809728049773,0
134.2418175935532,36.42768995915278,3.9256259501370443,19.95584919381853,0
179.93955526076974,36.93966491537332,1.67117610409889,60.51882737867042,1
180.50928147630992,37.07625423650601,24.819575370836894,317.0931948230018,1
104.0020476261384,36.9944649015623,23.47161783758407,150.077750301621,1
185.57160847334436,37.27916130901561,21.146975192395196,206.18095503913185,1
141.73180925851182,37.23724050318735,2.712106487319779,29.007093979347705,0
180.8238042061826,37.723722539893245,13.959321853156544,76.39255336888164,1
179.12072797783964,36.63689752794123,5.644052250976835,70.52575348491472,1
106.70225223011572,37.5689479446794,0.6460768856366412,128.98342740394605,1
181.81815941312485,36.819336209536154,3.122130006984853,86.90789025985464,1
178.8570004232999,36.7063304804886,5.330243987856997,66.6797228616572,1
91.68754005982163,37.6134910839666,0.9103825760420157,93.357510452176,1
173.7380327779344,36.970420973756646,1.616363423177122,114.85230161757883,1
151.58595579007405,36.9868986919136,2.4293199801802396,20.22177591559709,0
180.94853083805197,37.133543986627416,1.0563340146874665,102.16627495293069,1
133.1997527842151,36.89244452377807,28.93432387380273,7.955676306647305,0
179.26109840591263,36.91880774504174,1.2629338260806695,246.15290822673583,1
182.31295646426975,37.191776607234424,4.470287918955937,75.95271184850188,1
177.95358780943448,36.49659803572987,0.6960110652141278,66.60796923693951,1
139.73486124550783,36.97776613163582,16.381983211693512,9.175442825792068,0
140.64280019095463,37.007373573226154,4.3328247930653845,55.23612905838238,0
99.90645621777051,37.12152743824195,4.660258416288361,129.99851055758643,1
131.9772273077838,37.54225514352198,12.26822606959345,30.63026749787975,0
157.55340842443204,36.589393880235576,11.875590135001513,6.612381552146383,0
140.6751848141011,37.07763599715933,52.719319767366656,7.269707227954459,0
181.96207983589383,37.39032668773788,8.600459963188795,224.40368294994698,1
98.4598285790713,37.06400729034112,2.4616596311174432,155.74197795655965,1
167.80591420861785,36.60167384208391,4.450515334189824,162.42974676427295,1
105.28028404533026,37.199874044121174,3.3075109256868385,67.19679127170443,1
147.51933032686773,37.08955360971165,27.583812054019667,25.607787424898195,0
146.1167628884087,37.101768337320486,0.4093574204392867,20.758481621524556,0
143.46448209496975,37.450626011819104,18.208708615976455,3.1905276845376567,0
140.4698059376474,37.51138074504292,7.974627665581229,9.57364112895157,0
183.95312799581384,37.6740057114834,16.38088474871523,111.05331077246076,1
145.13785950912208,37.70191767279375,4.174078814107976,5.7415437712721324,0
103.10785944928026,36.798810091779465,4.232479072665227,137.23275042591703,1
183.59092862853967,36.8082028130403,2.631594078000812,116.36848569246146,1
178.3605264174354,37.40855331817176,1.8937502646305826,105.35944244762544,1
135.30525614065047,37.01940865117793,12.34640004061239,8.606529013337601,0
174.30583441109616,37.023209093923356,5.238232362906698,200.05284672948906,1
142.08863595004755,36.655834653886416,2.593599456867067,17.465710040897008,0
130.14273953664457,36.49938423032382,14.28324681714378,18.27480515087411,0
102.33846585882716,37.3304188685766,4.899166119665637,129.11341821022341,1
150.32465260551146,37.421456718643135,10.028059835743523,1.7051749093933655,0
146.10370265433465,36.81508988451798,22.46118512465589,10.082643918435608,0
102.38178884678109,37.2222050585369,0.10869948043014716,78.73948791202892,1
98.74976742700524,37.0573553869369,3.3646283139068873,64.13856797627838,1
100.71471547381853,36.54069468449895,24.14698549791932,126.72985968759957,1
103.17709015104613,36.90808014776992,1.7961186621831353,194.4417848807049,1
180.92370289447862,36.37407889145518,10.773577208048117,68.15957677105449,1
107.58732659930928,38.02403381530752,18.317149821689238,21.05214668628117,0
98.70601968666449,36.63125607474988,6.679968270904792,68.73467977011393,1
143.0729952087661,37.27260027894905,1.0993725004065542,14.818601554042715,0
143.3231401197959,36.96188178704522,1.6490395155444642,28.04537783224339,0
142.50492850345876,37.739582437978136,11.796898763803538,11.603478237958065,0
176.91174052282824,38.04831723641199,2.345323756080351,192.7217865869636,1
87.34856238626836,37.228822976685656,1.9055058297267247,129.91876142241142,1
190.44769360847386,36.21494972333097,0.2610745173687319,99.95751242137042,1
94.28136896339669,37.200266288552484,6.05117825751713,71.23055511813098,1
178.40076238372578,37.104176905333425,15.29232062481517,133.17530593713457,1
156.87141635072564,36.91161433046813,10.769112357162623,3.017018210759944,0
126.79543386915724,36.978282053392874,5.865378397571735,24.598187680415684,0
127.63049289121918,35.92124534282337,11.165790839045362,30.732763787940165,0
100.00602737681112,38.17963777012349,2.0411629481893114,547.7242838885728,1
179.6693369268709,37.354092593195595,0.4109078377546741,73.82805309389225,1
100.91924772376848,37.19307515488369,26.81723523973739,129.73152118001306,1
98.15194831978182,37.10539488613242,0.3056629797262721,76.52651111987346,1
132.81555778747565,36.74490400629947,0.933489795430218,12.741685735789233,0
142.1397991073422,37.283601503035406,7.939834770016945,11.404293797662676,0
127.85811387212269,37.58135379084708,0.6202684348321754,14.072306561636722,0
144.73237624573545,36.903869840736746,7.86335628344283,12.256682929649099,0
125.98148937207719,37.53816801846199,27.162086538759947,10.641728863006746,0
172.6623736712378,37.159170819978726,5.161910472483326,63.60530089280041,1
99.55818520397332,36.96662481208386,14.295177469038652,260.47167167329485,1
141.84633858532305,36.39874281875276,11.19118409331979,1.6037837492673825,0
188.08606287484312,35.98817596892228,6.783282861896273,166.24963997907696,1
141.5372510594553,36.49955456944588,0.7601308825538722,2.9087039905574947,0
98.14994485058936,36.420141912120584,1.6781789011229846,143.93733816921838,1
136.1468640313824,37.24826883902027,1.0061021126280096,40.89360360204873,0
148.49602097021025,36.489300569671876,12.64422861419053,9.574269239343685,0
124.05572341205632,37.14746932354916,0.26150879968812646,12.33699649605991,0
154.027943109361,37.752809798590015,6.018432483019309,9.93601198911863,0
144.82472415243186,37.195749824491166,5.719624967418865,36.894797419642565,0
150.83051243175277,36.7182625237829,4.776903447798999,1.1749405364967493,0
122.96617560644845,37.09752028550848,1.4007892586034512,22.04064359026824,0
135.25054688839043,37.07470670579083,8.377388725681469,14.82117289570887,0
132.51513463443447,37.11160861030814,0.6331220895053138,32.68555534352877,0
190.4986089458326,36.76305761773918,8.875872005714681,298.5039248175067,1
175.6643489214455,36.248030245944385,27.857263019839532,284.4997007974314,1
190.12154811643427,36.98427708494895,0.878782932996094,80.35602238022842,1
183.92302143949013,37.315622674950205,2.006226454377922,99.11300584733824,1
180.7587899612437,36.7844632575229,3.0914877641552607,164.34951503164064,1
134.96524345883802,37.43767660738838,33.55804307819909,1.9520501797971206,0
101.19623432055575,36.98260922007446,1.183253076111503,120.72104139216805,1
140.05243699718184,37.01149792917393,32.999533399771074,15.821737979715287,0
184.82698742295585,37.01529519798401,4.320438789798166,129.52304008926606,1
177.61889563227672,35.94570090439325,5.642859483130849,111.8292631355189,1
101.38688468979096,38.19410360104136,23.27011332247505,307.3194391782738,1
182.43936142435538,37.531573327814165,2.6632879586794567,165.00496236287944,1
140.81874139386323,36.977221750511575,0.07591618531415689,10.589828438371228,0
98.56997889059944,36.97512359320027,4.776351117446678,193.90694577760308,1
179.0454810413635,37.436392170074384,18.014898907711345,129.08822782246563,1
179.87212843904004,36.50171304942145,1.2636750948930697,93.90835526181812,1
183.11103572021702,36.98287064747537,6.454932651471989,197.40087249639504,1
182.3620313894019,37.4180353896339,20.280606331272175,64.91747086911377,1
108.66257499742545,37.327511057501944,7.130519925597377,117.79970719378207,1
174.44271021531483,36.529762157750056,0.4006125712272674,66.38911658904996,1
180.001035324591,36.44895299969831,7.599108441883163,72.38922413037028,1
143.41755975777158,37.233571274130384,10.243551145361243,0.6750523842112144,0
166.97893071686434,36.54775386602499,11.384885331551512,130.32495458301347,1
96.2401533413059,37.209005642106305,1.6833026635169877,104.61751062847688,1
125.69858622039368,37.708320254254204,3.213161227341658,12.2955899026446,0
188.21336476627982,36.92618985693766,0.7991268513412317,134.32769351854796,1
139.67305251905907,37.34898293131206,2.164441820614136,4.099447521679775,0
129.62753845673544,37.71907461073981,7.178947323254283,4.638453970985004,0
140.60230209941025,37.11198745052793,8.803310136359215,7.9181668860671275,0
104.73763231061429,37.58130426532841,0.96908036620388,141.94694984757157,1
140.45571839903815,37.163301102285786,16.246830199654234,5.928538951673028,0
176.9181929598026,37.34181009082665,6.616883834996436,152.2406415057423,1
99.45195098037084,36.73999042623724,6.279202956612405,202.47426695696242,1
115.68874266829997,37.09576180021415,3.249889739966056,122.36169069090607,1
149.59270826085208,36.70762798402323,17.007295740107256,7.863933938392204,0
181.59825912959488,37.181896364856456,22.603875099891226,241.5124211544706,1
183.57690657720622,36.82278239154861,8.14276965207114,72.56287835688451,1
133.48399652394184,36.318966558304865,7.747071381382604,21.23642519660063,0
186.18065360903108,36.42056343414658,4.502948048729824,279.8313743902838,1
102.60561214189669,37.19289958107226,12.250131499674364,122.8815270530324,1
136.89733243406545,37.355852318249376,3.9205604248414607,44.884382283682655,0
113.22171673508518,37.090123168816376,11.313208174510564,71.43667668407555,1
147.1161487808889,36.876888706018796,10.239492043974927,6.571118298280387,0
168.94069044335248,37.13402321163365,3.6703761863891735,66.04126636468887,1
105.35075119158213,37.32528207469919,2.388249609303227,278.3377177227417,1
143.2271856033809,36.77911078228761,0.9172364057237763,2.1213815219617684,0
144.43819428146227,36.65665688792751,2.5887406583650026,37.9391161646937,0
104.03561298318655,37.18945283072458,5.100239195282881,74.20208414057113,1
102.50422237472229,36.632998871594296,0.3553552656471498,98.24016463264802,1
99.15928090707605,37.15627836837126,0.2528874391132039,90.25739110500467,1
155.86016816145352,37.152079140402385,9.34184973323918,83.98031449859901,0
148.72320636720679,36.79295548038553,20.253829191556267,3.8445638091824303,0
132.40867338446301,37.272756595850524,4.248004262131063,7.285811003779642,0
135.28068134210565,37.06834617525118,0.6215990193872064,66.15109958936733,0
183.4315922847835,37.34159039062089,20.455307122513908,126.38939775013779,1
181.8820476304876,36.24937891758325,5.407128227430151,182.74846609829558,1
124.84808937801448,37.33625741959549,4.714258964215926,5.421310394332255,0
125.92536225623445,37.98212005596436,9.770648486217308,7.54776301222793,0
100.57513039573709,37.39154322031272,16.556056297563988,87.33609713553696,1
95.40307704206788,37.205701902407135,3.29963117211249,493.5286023590145,1
180.17076208744012,36.3805526804545,17.490717991613753,132.69462433762706,1
177.6497892612025,37.14705971719657,0.11366895662418233,150.02674388018292,1
182.31086333040972,36.90236781053032,22.824359262181233,202.05014919141271,1
102.23858462905139,37.53618442071614,2.2871953383094623,61.03850914278683,1
180.25443850928008,36.91278164184305,7.577796119222651,122.34349753114087,1
187.26233767235374,36.97459017015386,11.515905339000007,79.50166480037767,1
102.48349611618261,36.59213426452315,1.3408731489113321,149.30315202043755,1
183.3643061798341,37.07891690625248,31.728993515940026,128.24008603393992,1
97.25637546129519,37.19680753919712,8.386986813733884,112.08803253070207,1
172.17879194144473,37.223255805807405,0.5265616897537502,187.26641301774367,1
91.2573401338091,37.44507534999597,15.981630302172874,67.53402886918049,1
183.00603374464558,37.155663678267175,16.52375366366252,71.34164517792055,1
134.98242956415464,37.09928823452013,4.960709063634735,41.32228150214905,0
145.04987278980457,36.75007256892173,2.0020656148364724,5.106025502817646,0
104.76562522688043,36.78017714563657,2.832367884570469,61.69250746717542,1
146.56553608633828,36.942255835230426,26.72905507299173,54.09511208808631,0
97.58469474158281,36.871732949777126,3.659513629547137,87.85884812366388,1
127.79156350028978,37.01895946852657,12.701189397289664,18.4201160893896,0
94.54800461278577,36.563319649544276,2.17119876648513,104.83802427942217,1
131.10485570374476,37.498434076999054,37.798631125622286,4.078494759007018,0
101.54025269752051,37.69983356168217,17.536464518784253,172.02241204472102,1
171.9616948644097,37.139860018919876,9.251518925039456,81.6318110275721,1
181.2197659895425,36.739164444562775,5.594171394027411,63.73254857071715,1
182.9590706687069,37.12452346937715,2.490333231532837,126.78025595531903,1
176.57685087119998,37.492349805261895,17.859575708045604,74.08723293134754,1
93.80370802573263,36.659437426295874,1.2395802056890228,285.74763228683156,1
125.36485051867882,36.7959934404581,0.7633772255593707,10.266385134428386,0
102.13597180935842,36.84319494403235,10.83725428774483,62.25979763669778,1
132.074792615673,36.263650307467344,1.9985356772213871,2.4229288715124033,0
101.04829707637313,37.82261742593182,10.701137519038946,70.84945324976358,1
99.32845629264726,36.58825139672717,8.469057004785137,126.39428581833089,1
105.62056359993007,36.90765345046209,0.6380115113017133,96.30805957497593,1
159.6472513291639,37.25708910394702,32.08347550191233,14.573263526231575,0
98.9594157136373,36.735871544210625,2.1867755856222413,63.683248796612205,1
175.82428549184988,36.596578126369515,46.38965239229588,90.30940750592598,1
145.1503526720866,36.48782825900149,0.25976553942014474,47.343449484326186,0
126.79766792979358,37.426669875835664,9.320465498249906,31.065626868274027,0
180.002639794283,37.148842189042746,4.7963590893067325,86.31752873492725,1
153.53872374165414,37.05868547457333,1.5826211104526102,16.439649757727608,0
176.7094175546237,37.74838607014871,17.07824080405353,172.5634075629639,1
178.22979644529488,37.67998294983055,21.731525955061656,228.3207173944763,1
137.63181393259993,37.060120704584754,0.18400844582700027,2.9989159809289005,0
137.65846625276663,36.739742972351266,0.3209574673603211,62.700529724395786,0
173.27064538263392,36.652682907249456,3.0066037945438415,201.02515779575043,1
105.50479817499286,37.449741343948205,16.166930485158282,91.67378577410389,1
181.32939114826024,36.15998939693935,15.482109221921847,100.3346144819829,1
102.8045972397062,37.08290693175958,9.085971300409065,164.43297035283922,1
84.90243922089587,37.3687206007909,10.748802004719742,133.66542387663876,1
104.76568316956623,36.39285050132768,4.484829164564948,138.5368075240153,1
96.18637610716893,37.21890591895119,13.277456709872089,231.83380451300678,1
105.66885048433532,36.916274472168254,3.0252302491911642,83.2615522225247,1
140.05113456642462,36.822282695969555,4.109850798051666,16.197438246952313,0
181.6337238230116,37.494975253873655,7.583731970333133,106.75452178975722,1
95.30048449445567,36.89801768257852,3.3960060461200756,99.18704771953136,1
101.30160919385611,37.16346112459227,35.04111736452182,128.8081833121776,1
129.32379570617405,36.45605754360803,3.736992283307041,10.9826139730267,0
101.5958725520959,36.76099592212334,11.208401313491105,146.1691143672821,1
150.57122226218917,36.9187818455828,12.98902978817889,18.983489611044636,0
139.86502775262065,36.97356808054107,10.750162053415186,32.060588976887196,0
177.08620671194208,36.836759664335915,8.618777254207311,75.59885093449941,1
182.73559557587606,36.65556483593057,5.433193322665865,112.82254264866054,1
143.57787360348283,36.790910791792385,9.662437301484182,62.75265571920649,0
130.80575765766196,36.59515824989593,6.064922690920095,17.349239341762885,0
143.75698018345673,37.01923397866455,2.474541581805539,29.80057116681835,0
175.9457124439483,37.33926968506667,13.033175780816855,102.95207876722984,1
132.69633368282862,37.07833810203907,3.3529499259166196,26.24757126146281,0
148.8163975694945,37.01075433559781,22.549168980590206,6.481785082066823,0
181.31280664500963,37.13112846913723,0.5166128521350489,201.12511927483393,1
161.89802933217672,36.9934308415709,15.607926935642611,5.154170866135698,0
142.80991867735034,36.97193371541654,44.05133163381326,15.47421172007841,0
151.79297184063827,36.82142655417979,0.5992390010381585,25.941581043293663,0
99.72552999691857,37.03038210716643,0.10337746784078451,68.91774792410492,1
144.91919171506507,37.202909612442916,6.676001405482493,29.05422049494756,0
91.58280903889525,36.83461393555069,15.730809748645832,88.05816740189448,1
131.24381746615242,36.77152840408688,0.42566119416354353,0.11042023874619544,0
148.1351721736967,36.48401564010358,1.5041745420945718,22.56914115647508,0
128.9366502599397,37.34844988137268,3.241079070851419,36.90302174146903,0
116.98078835264415,36.72757933701005,6.462981932916177,24.255816251059557,0
99.47025822847932,36.930258296838865,2.704098660721168,90.29488331658908,1
140.9965136508764,37.02228996491548,43.147510845333784,31.616749762215917,0
186.17891095911077,37.35814217230504,11.945628575330812,67.66996240150453,1
101.33563325505742,37.24268922365447,3.197100945712444,196.46728204479726,1
180.11232946406022,37.1639051183838,0.4281900463101456,117.34724473088693,1
179.05439804611484,37.15452932712462,7.548961814804645,84.23264741861522,1
148.12525822394198,37.480485568865575,24.345559395235988,29.962175077311855,0
172.2312061699197,37.480031582570746,12.544007765248352,199.8648819279141,1
122.75082167486967,36.76929146777267,0.8350644975816266,21.594008200670256,0
158.65774511144755,37.005571716765175,20.31832909367911,18.237275609175217,0
147.3846657999541,37.33427684482606,2.2257177846889333,2.7415132396076993,0
140.77368307647617,36.90112904699176,0.689772007819054,13.157186052575021,0
131.91701714644847,37.475357309379234,3.6338186959178675,36.28514824225664,0
139.27171087343126,36.850071676980164,0.05775305516253854,13.19304395107585,0
180.7759534192949,37.83537710914797,8.39270195554383,132.4438560354467,1
132.2717478546243,37.045691059464815,31.127987250042054,47.382502362909676,0
186.0194221858441,37.39874350938632,6.580350864648464,383.741655594387,1
133.2307799969404,37.46711282466392,43.94063891516504,43.59406162201104,0
187.90270343284186,37.18528251683965,33.73987252475143,102.31764821759883,1
136.78614158347006,36.600658383704484,15.869426429163502,14.990102293170063,0
105.30104953749439,36.83305327455797,16.14353476062518,124.30237221035074,1
101.06646853686469,36.66983578800842,2.114741952112136,145.8594775840109,1
91.96220067815513,37.1927464246874,1.277096217498297,69.78662567557879,1
133.07090404739347,37.42126114133316,47.3938680786437,66.75130324104197,0
102.5808914355748,36.981835512827104,13.910140290675084,176.37521557411486,1
149.17861947054777,36.459326157753466,7.990112499936112,24.608738012049084,0
96.1542882510635,37.219553534126945,7.581229475460697,102.86763611208073,1
140.3526355197173,37.53166101205297,6.69145624111168,11.257380841891486,0
132.07127167737656,37.44691833263525,2.4232875607689377,48.076154615686775,0
185.97054701523686,36.51871965784434,0.8471906250393826,82.68001590516414,1
175.48974222821244,37.247884578386454,1.2370382479666218,133.0163722075116,1
179.48372619925476,37.00624733357984,7.771736316917953,74.89548248669914,1
141.3074057728609,37.724979423198775,5.511933007554102,30.86160213622474,0
145.60784526368235,37.41960369033475,6.226776150169474,1.4290181501706456,0
147.8708460374245,36.78125642350384,11.28597543879489,10.937626198971955,0
90.5907547725118,37.168389177755756,1.929679822509712,93.40123127457738,1
99.03086930613598,37.13115180966374,3.5659218990154598,106.67649700290802,1
134.00624977046226,36.84266447506906,1.4521803232856358,39.985063837139286,0
96.79259202388523,37.010155368216964,14.018876376332717,156.88179534218767,1
145.76556963055765,36.81907747230037,22.264085163237468,13.375612173375064,0
183.19195962804193,36.11777357716037,7.999829604202996,138.60529592818514,1
184.37194590356364,37.00135020263887,4.26972945278714,139.5603199395908,1
144.04050856814538,37.75071832502323,1.8346527013076068,0.10486671668489952,0
108.87655446304755,37.246802379830676,8.460126592375628,104.46560999916575,1
134.23096344337597,37.44348143223316,19.80606543336451,55.71098891818748,0
138.61735698828815,37.763766656188054,1.1044881728507567,1.496288592692527,0
179.0938791339095,37.59266536098504,12.359412760671196,95.1349069975907,1
177.47910084496164,36.793428142444974,3.52807011587779,77.4817699572437,1
95.66912575892749,36.65488969438275,8.044414165829487,66.80966877558812,1
137.80328112162488,37.135398562997764,5.893373255599558,17.848930091400646,0
130.62174960084877,37.242403980538256,6.523543915152494,5.673237925914545,0
148.2254491210319,36.73926555687914,8.104982991156206,78.21081145434437,0
179.31314105800303,37.03427486456135,6.123582795438191,286.25510963182376,1
101.06598314118844,36.66782223737737,19.99957182036742,102.37220289639208,1
146.86051459998438,37.15088475002581,1.0652320355156149,5.5386366977660275,0
134.6974238162756,36.967139528642974,7.663850452648582,1.97116926148923,0
142.24092481810416,37.11434615628996,25.181570465176467,8.68886742813942,0
149.68644990532889,36.80893702129395,1.4026677961013676,5.665273347157338,0
134.36275447196024,36.9144044623098,2.6741168771555563,44.192472114708565,0
186.86424237338264,37.29274828171532,2.518981289020826,264.5303799286022,1
96.76886345078098,37.42397455361865,1.522466276210457,139.8381037076452,1
142.32049937357635,37.19698050560326,18.453709920619715,15.56511668598201,0
181.95232424964445,36.629830149576165,2.5685756803615134,70.6227249721781,1
138.852635585331,36.48816921330572,11.429336926261701,3.279737274428726,0
120.86719755342202,36.63697453518336,16.864545693479233,2.07158982388679,0
140.2100384163276,36.40577585078521,10.523320404102641,4.513326326293516,0
95.95198240039177,36.907839714317696,25.350172797059273,164.3854244818022,1
158.76170839215885,36.85628316368518,17.286751754099377,7.246572238024186,0
140.10233061019588,37.389021779850694,6.01056137962785,8.015972209434285,0
148.2206015999449,36.898009113031655,1.1271306878269605,36.626930236760614,0
174.09593592345578,37.56134798805007,1.8416764668961785,98.6029118379509,1
183.33156250454607,36.97529432005595,13.392235690718925,127.91355384758451,1
97.67344771609973,36.99057913965031,14.817988063188636,151.70454994851488,1
174.05294053566337,36.75026184411471,10.840520033830263,122.31624673282634,1
132.43649254715697,36.998558984363775,0.39184116743756053,5.871094477702782,0
171.10706207996742,36.98655497411851,21.723124564704275,118.94736741566392,1
90.62413765177128,37.69555986551903,2.363642352748415,220.8538854107934,1
175.02825312695745,37.032798222565425,11.264653850249829,106.64786727454431,1
148.65755194170123,37.01043642008433,7.447844997321001,5.779435711227396,0
94.0318158412176,37.27342772928019,2.04898945170699,123.55155165869006,1
181.23252389216003,36.641972063089355,3.1745231505151144,60.335698841785465,1
104.84728600263368,37.277391564765594,4.6549103472808175,83.93629171648399,1
103.27950388264881,36.685605586946004,27.408499836509826,242.57186310623626,1
124.85152775314135,37.17770532459441,4.564345626291861,1.6807128414664674,0
187.1137406804997,37.343380446662664,17.18673486256617,101.59238052320092,1
102.56542710048646,37.34383515479192,6.366917127720769,90.35726128986633,1
137.50963960443622,36.24418370762179,15.37194201894464,9.706774749981193,0
99.24363358173244,37.01517513417904,0.8222945004491383,115.15312355900932,1
98.4047303216669,37.16735928835547,0.8636086383903963,92.07220270013275,1
143.31263431403565,37.15778085695132,6.66834303599214,50.24799086548464,0
156.44967713501285,36.82152662671409,6.151621609169232,2.2013158695666166,0
106.3285392043235,36.80846501759664,2.611397580185179,61.102150534209265,1
180.86670832185203,36.660946428552364,11.314601339820856,142.98004547905356,1
102.52735079583313,36.632525395405565,17.51872098675577,64.82802370495473,1
161.22156197012634,36.60965069880907,0.44383049279866127,15.685006012347678,0
137.74223699513465,37.217344076951974,13.152378349869206,29.326080866080403,0
148.13509636000637,37.07862191060463,7.765546911485947,82.11394244563478,0
128.0212210741115,37.179083424006926,16.171531579615472,16.962006741298403,0
130.2531832977268,36.7705351972479,11.696575360111503,20.576046196057447,0
141.9905969557347,36.709145129670055,13.351213047485327,4.5852766957417685,0
182.92206490236242,37.185315412047245,2.3714859389136107,154.9831845691578,1
148.56398794323474,37.4637319213457,11.889765020311442,13.721888291937,0
141.50393786476207,37.73868293029442,37.13590302127083,4.781505203293716,0
181.50237179805413,36.81707933796528,0.3320427150562829,63.96570526321215,1
152.7767682189851,37.63098131190539,10.503968393246197,48.330795692279416,0
154.79944138890025,36.183306052630286,9.517458641108721,8.04980097288224,0
134.93056824628871,37.15296389847362,26.173090971585722,39.063517051371164,0
175.9037107013925,37.21385163444897,34.97387831123398,66.68677008644337,1
145.4709738117004,37.50230245022941,0.7195136073162983,31.525996918479095,0
99.85368593157511,36.90623687987347,11.022225178123868,86.78652186203846,1
124.49336568933867,36.32301414811407,0.049522229738276156,17.744459787556735,0
99.74303138205757,36.7237835790735,3.0856039220123193,136.79975562994494,1
178.41142451621883,37.3560990003346,3.6884625978898313,72.30400444067608,1
137.65412866624854,37.15092019721794,17.654098841221575,26.41547365136271,0
154.5114360779504,36.44827230879419,1.2371277950994295,22.551198890215108,0
143.28751109659686,36.66006225221408,2.985858804240062,28.636007591710516,0
134.46350694652818,37.227906912092884,37.24455023142878,42.23580741509883,0
139.87753227153087,36.462219795586286,2.2431134374225796,20.139154189870418,0
136.84730755359655,36.98494611903006,16.765704014851647,0.6838304987589966,0
146.14166700043424,36.72944307917629,1.0323231608662382,44.60962211258672,0
130.9061254520526,37.1885873428544,1.3023387998311675,17.981020573572334,0
103.48477202255368,36.7113049786651,14.672827234727734,70.06488998230324,1
154.65648768921554,36.33223788755145,7.473978139587696,7.003771306072507,0
103.62547893423998,36.845147740084194,10.844538913974356,64.6850586462097,1
155.38036566465968,37.67057492491011,23.972532062892448,3.6020360230150983,0
158.8618590121053,36.69048432035857,0.37360728009482735,28.625061336552477,0
154.41273289066115,37.28310077418219,11.012655032053702,4.496994673717481,0
171.99548010761742,36.851796760563985,1.5833505482968753,88.14778436483678,1
140.74094780419776,36.79917831025895,9.778891428190237,0.9868058647991073,0
136.5728548347323,37.347842368042265,9.600989165734678,8.782027410459815,0
